A[C>A]A,185.1775851776971
A[C>A]C,177.10593602002035
A[C>A]G,109.68014695894053
A[C>A]T,120.0494914830848
A[C>G]A,266.3734463821178
A[C>G]C,136.98590026386614
A[C>G]G,144.7931536240315
A[C>G]T,207.17859470584727
A[C>T]A,856.9825966171493
A[C>T]C,502.3741660592167
A[C>T]G,1317.2809276071862
A[C>T]T,754.4606818258383
A[T>A]A,95.75377294806265
A[T>A]C,118.95098718909827
A[T>A]G,134.391803075471
A[T>A]T,95.35912779851603
A[T>C]A,715.3555508998643
A[T>C]C,394.4997581833114
A[T>C]G,1174.3362411376897
A[T>C]T,649.3331430079668
A[T>G]A,119.9472825756138
A[T>G]C,93.4016710886583
A[T>G]G,144.11301424478825
A[T>G]T,111.70876939005154
C[C>A]A,157.11481001833397
C[C>A]C,149.53415752177415
C[C>A]G,123.80992752237643
C[C>A]T,147.0646765921107
C[C>G]A,106.42700350200477
C[C>G]C,128.51405655702166
C[C>G]G,95.45396347857408
C[C>G]T,155.20480382495174
C[C>T]A,579.1560956891103
C[C>T]C,561.0953921449407
C[C>T]G,1066.8164711208128
C[C>T]T,689.9461217850971
C[T>A]A,62.215908948588414
C[T>A]C,88.53285112063557
C[T>A]G,122.15705624492367
C[T>A]T,118.97082054109435
C[T>C]A,417.75045797030396
C[T>C]C,423.84101771293285
C[T>C]G,933.041319266855
C[T>C]T,527.9884535665152
C[T>G]A,56.59695571845958
C[T>G]C,99.5964866591438
C[T>G]G,126.88854789160335
C[T>G]T,106.32960780189582
G[C>A]A,159.29191313199948
G[C>A]C,132.1622942362609
G[C>A]G,103.11722798181128
G[C>A]T,100.03050640634532
G[C>G]A,149.56504392728692
G[C>G]C,140.81511892223494
G[C>G]G,134.6425535327952
G[C>G]T,141.82086241977288
G[C>T]A,481.7767192109553
G[C>T]C,468.77868915652607
G[C>T]G,743.1113335272214
G[C>T]T,546.3602498027741
G[T>A]A,64.42419244037512
G[T>A]C,87.4450390210206
G[T>A]G,88.91403106217787
G[T>A]T,111.88167722607349
G[T>C]A,357.22657572841035
G[T>C]C,358.47993901439565
G[T>C]G,642.8016923531584
G[T>C]T,429.55541754710237
G[T>G]A,102.5719996522395
G[T>G]C,119.75744109708654
G[T>G]G,151.32106588771921
G[T>G]T,157.83591586202763
T[C>A]A,118.20222430587366
T[C>A]C,111.42423052964136
T[C>A]G,57.98111414142697
T[C>A]T,136.83032488527346
T[C>G]A,176.47985192479348
T[C>G]C,150.70884007044185
T[C>G]G,100.97214148688822
T[C>G]T,268.07307414828097
T[C>T]A,537.5917023174933
T[C>T]C,531.4559235064864
T[C>T]G,621.9049576425112
T[C>T]T,590.6409584956266
T[T>A]A,61.668069899354464
T[T>A]C,61.04486973312146
T[T>A]G,59.91513867220009
T[T>A]T,81.42205447054741
T[T>C]A,357.050207318519
T[T>C]C,375.27409190867843
T[T>C]G,520.2093351624816
T[T>C]T,385.9270063416954
T[T>G]A,101.42102689306628
T[T>G]C,146.05369804840234
T[T>G]G,150.2213666943622
T[T>G]T,153.1169660032627
